1,jaqueta,4,99.90,01/04/2023
2,sandália,7,60.00,02/04/2023
3,botina,5,120.00,03/04/2023
4,jaqueta,15,80.00,04/04/2023
5,cachecol,10,25.00,05/04/2023
6,camiseta de manga longa,8,45.00,06/04/2023
7,shorts,6,55.00,07/04/2023
8,botas de chuva,3,80.00,08/04/2023
9,jaqueta,20,35.00,09/04/2023
10,capa de chuva,2,70.00,10/04/2023
11,mala de viagem,9,150.00,11/04/2023
12,jogo de xadrez,5,40.00,12/04/2023
13,baralho,25,10.00,13/04/2023
14,dados de RPG,30,15.00,14/04/2023
15,puzzle,18,25.00,15/04/2023
16,brinquedo educativo,12,30.00,16/04/2023
17,caneta colorida,20,2.00,17/04/2023
18,lápis de cor,10,10.00,18/04/2023
19,quadro branco,5,50.00,19/04/2023
20,mala de viagem,4,45.00,20/04/2023
21,jogo de panelas,3,200.00,21/04/2023
22,escova de cabelo,10,15.00,22/04/2023
23,secador de cabelo,6,90.00,23/04/2023
24,jogo de xadrez,8,30.00,24/04/2023
25,pente,30,3.00,25/04/2023
26,relógio digital,4,55.00,26/04/2023
27,cesta de piquenique,5,70.00,27/04/2023
28,bike elétrica,2,1200.00,28/04/2023
29,capacete,3,150.00,29/04/2023
30,bicicleta infantil,4,300.00,30/04/2023
31,patins,2,250.00,01/05/2023
32,tênis de corrida,6,200.00,02/05/2023
33,espelho de maquiagem,5,40.00,03/05/2023
34,kit de manicure,8,35.00,04/05/2023
35,produtos para skincare,7,75.00,05/05/2023
36,planta artificial,2,20.00,06/05/2023
37,decorativo de mesa,10,45.00,07/05/2023
38,papel de presente,15,5.00,08/05/2023
39,caderno de anotações,8,18.00,09/05/2023
40,caneta esferográfica,20,1.50,10/05/2023


