1,caneta esferográfica,15,1.80,10/07/2023
2,baralho,30,12.00,13/06/2023
3,cachecol,15,28.00,05/06/2023
4,bicicleta infantil,5,320.00,30/06/2023
5,jogo de panelas,2,220.00,21/06/2023
6,jogo de xadrez,10,35.00,24/06/2023
7,camiseta de manga curta,9,50.00,06/06/2023
8,relógio digital,3,60.00,26/06/2023
9,papel de presente,20,4.00,08/07/2023
10,escova de cabelo,12,12.00,22/06/2023
11,jaqueta,12,40.00,09/06/2023
12,puzzle,20,30.00,15/06/2023
13,mala de viagem,8,160.00,11/06/2023
14,produtos para skincare,8,80.00,05/07/2023
15,botas de chuva,2,90.00,08/06/2023
16,dados de RPG,25,18.00,14/06/2023
17,tênis de corrida,5,210.00,02/07/2023
18,jogo de tabuleiro,4,100.00,11/07/2023
19,cesta de piquenique,4,65.00,27/06/2023
20,bike elétrica,3,1150.00,28/06/2023
21,caneta colorida,25,2.50,17/06/2023
22,jaqueta,6,99.90,01/06/2023
23,pente,25,4.00,25/06/2023
24,decorativo de mesa,12,50.00,07/07/2023
25,brinquedo educativo,15,35.00,16/06/2023
26,planta artificial,3,25.00,06/07/2023
27,patins,3,270.00,01/07/2023
28,shorts,7,58.00,07/06/2023
29,capacete,4,160.00,29/06/2023
30,jogo de xadrez,6,45.00,12/06/2023
31,sandália,5,60.00,02/06/2023
32,filtro de água,2,200.00,13/07/2023
33,espelho de maquiagem,6,45.00,03/07/2023
34,mala de viagem,5,50.00,20/06/2023
35,kit de manicure,10,40.00,04/07/2023
36,lápis de cor,12,11.00,18/06/2023
37,jogo de xadrez,6,45.00,12/06/2023
38,jaqueta,10,85.00,04/06/2023
39,brinquedo de construção,7,70.00,12/07/2023
40,secador de cabelo,5,85.00,23/06/2023
41,jogo de xadrez,10,35.00,24/06/2023
42,jogo de xadrez,8,30.00,24/04/2023
43,caneta esferográfica,20,1.50,10/05/2023
